Type,Name,URL
IG,"11/16"" Champagne",https://odl.widen.net/content/ushmrqcrgb/jpeg/PIM_Champagne_Button.jpeg
IG,"11/16"" White",https://odl.widen.net/content/fuka03yo2e/jpeg/PIM78_White_Button.jpeg
IG,"5/8"" Beige",https://odl.widen.net/content/erhhinlfh1/jpeg/WR_GBG_Beige.jpeg
IG,"5/8"" Black",https://odl.widen.net/content/rjy4biynws/jpeg/GBG_Black_Button.jpeg
IG,"5/8"" Bronze",https://odl.widen.net/content/jaesdib11s/jpeg/GBG_Bronze_Button.jpeg
IG,"5/8"" Bronze/White",https://odl.widen.net/content/nkmvef8dvw/jpeg/GBG_BronzeWhite_Button.jpeg
IG,"5/8"" Champagne",https://odl.widen.net/content/ushmrqcrgb/jpeg/PIM_Champagne_Button.jpeg
IG,"5/8"" Tan",https://odl.widen.net/content/yqmch3radh/jpeg/PIM78_Tan_Button.jpeg
IG,"5/8"" White",https://odl.widen.net/content/fuka03yo2e/jpeg/PIM78_White_Button.jpeg
IG,"7/8"" Beige",https://odl.widen.net/content/erhhinlfh1/jpeg/WR_GBG_Beige.jpeg
IG,"7/8"" Black",https://odl.widen.net/content/rjy4biynws/jpeg/GBG_Black_Button.jpeg
IG,"7/8"" Bronze",https://odl.widen.net/content/jaesdib11s/jpeg/GBG_Bronze_Button.jpeg
IG,"7/8"" Bronze/White",https://odl.widen.net/content/nkmvef8dvw/jpeg/GBG_BronzeWhite_Button.jpeg
IG,"7/8"" Champagne",https://odl.widen.net/content/ushmrqcrgb/jpeg/PIM_Champagne_Button.jpeg
IG,"7/8"" Mistify Black ",https://odl.widen.net/content/r2oqzfgtbp/jpeg/Mistify_GBG_Button_2021.jpeg
IG,"7/8"" Tan",https://odl.widen.net/content/yqmch3radh/jpeg/PIM78_Tan_Button.jpeg
IG,"7/8"" White",https://odl.widen.net/content/fuka03yo2e/jpeg/PIM78_White_Button.jpeg
IG,Black Aluminum,https://odl.widen.net/content/03cgpu4yvd/jpeg/BlackAluminumButton.jpeg
IG,Black Chrome,https://odl.widen.net/content/51yxhippq1/jpeg/BlackChromeButton.jpeg
IG,Brass,https://odl.widen.net/content/zsp6he4bcq/jpeg/BrassButton.jpeg
IG,Bronze Vein Wrought Iron,https://odl.widen.net/content/lyphsohqfr/jpeg/BronzeVeinButton.jpeg
IG,Espresso,https://odl.widen.net/content/ykbt5rjezq/jpeg/RLB-ES_Button.jpeg
IG,Nickel Vein WI,https://odl.widen.net/content/xswzksaktz/jpeg/NickelVeinButton.jpeg
IG,Oil-Rubbed Bronze,https://odl.widen.net/content/vwcynllngj/jpeg/OilRubbed_BronzeButton.jpeg
IG,Patina,https://odl.widen.net/content/wexzadunzp/jpeg/PatinaButton.jpeg
IG,Platinum Nickel,https://odl.widen.net/content/wx4kecxtwo/jpeg/NickelButton.jpeg
IG,Satin Nickel,https://odl.widen.net/content/q9wpuaxmjr/jpeg/SatinNickelButtons.jpeg
IG,Silver Aluminum,https://odl.widen.net/content/uspbsoohau/jpeg/SilverAluminumButton.jpeg
IG,Silver Moon,https://odl.widen.net/content/hqkiloxqxm/jpeg/RLB-SM_Button.jpeg
IG,Slate,https://odl.widen.net/content/w1tzj4mnzq/jpeg/RLB-SG_Button.jpeg
IG,Tan,https://odl.widen.net/content/yqmch3radh/jpeg/PIM78_Tan_Button.jpeg
IG,White,https://odl.widen.net/content/fuka03yo2e/jpeg/PIM78_White_Button.jpeg
IG,White Blinds,https://odl.widen.net/content/fuka03yo2e/jpeg/PIM78_White_Button.jpeg
IG,"White Blinds, 11/16"" White Bars",https://odl.widen.net/content/fuka03yo2e/jpeg/PIM78_White_Button.jpeg
Frame,Craftsman,https://odl.widen.net/content/dmslt0ngws/jpeg/Frame_Craftsman_White_Web.jpeg
Frame,Evolve,https://odl.widen.net/content/duimcrps80/jpeg/Frame_Evolve_White_Web.jpeg
Frame,Keystone,https://odl.widen.net/content/xiehzrlrk8/jpeg/Frame_SW_Web.jpeg
Frame,PVC,https://odl.widen.net/content/2qoewbcaiq/jpeg/Frame_Standard_White_Web.jpeg
Frame,Spotlights,https://odl.widen.net/content/ulcmvo19xy/jpeg/Frame_Spotlights_Web.jpeg
Frame,Standard,https://odl.widen.net/content/2qoewbcaiq/jpeg/Frame_Standard_White_Web.jpeg
Frame,TriSys,https://odl.widen.net/content/f20nslcfr2/jpeg/Frame_TriSYS_White_Web.jpeg
Frame,ZEEL,https://odl.widen.net/content/tqhzl98ggi/jpeg/Frame_ZEEL_Web.jpeg
